id,name,SkillTypeId
sk-cooking,Cooking,skill-cooking
sk-pizza-preparation,Pizza Preparation,skill-cooking
sk-slovenian-language,Slovenian Language,skill-language
sk-food-preparation,Food Preparation,skill-cooking
sk-kitchen-management,Kitchen Management,skill-management
sk-menu-planning,Menu Planning,skill-cooking
sk-hospitality,Hospitality,skill-hospitality
sk-haccp,HACCP,skill-safety
sk-food-safety,Food Safety,skill-safety
sk-inventory-management,Inventory Management,skill-management
sk-dietary-cooking,Dietary Cooking,skill-cooking
sk-english-language,English Language,skill-language
sk-general-work,General Work,skill-other
sk-production-work,Production Work,skill-production
sk-machine-operation,Machine Operation,skill-production
sk-warehouse-operations,Warehouse Operations,skill-logistics
sk-nursing,Nursing,skill-healthcare
sk-patient-care,Patient Care,skill-healthcare
sk-medicine,Medicine,skill-healthcare
sk-teaching,Teaching,skill-education
sk-technical-maintenance,Technical Maintenance,skill-technical
sk-pharmacy,Pharmacy,skill-healthcare
sk-customer-service,Customer Service,skill-sales
sk-sales,Sales,skill-sales
sk-cash-handling,Cash Handling,skill-finance
sk-social-work,Social Work,skill-healthcare
sk-administration,Administration,skill-administration
sk-early-childhood-education,Early Childhood Education,skill-education
sk-accounting,Accounting,skill-finance
sk-forklift-operation,Forklift Operation,skill-logistics
sk-mechanical-repair,Mechanical Repair,skill-technical
sk-assembly,Assembly,skill-production
sk-driving,Driving,skill-logistics
sk-electrical-work,Electrical Work,skill-technical
sk-legal-work,Legal Work,skill-legal
sk-cleaning,Cleaning,skill-cleaning
sk-software-development,Software Development,skill-technical
sk-construction-work,Construction Work,skill-construction
sk-auditing,Auditing,skill-finance
sk-information-systems,Information Systems,skill-technical
sk-payroll-administration,Payroll Administration,skill-finance
sk-microsoft-office,Microsoft Office,skill-technical
sk-management,Management,skill-management
sk-business-management,Business Management,skill-management
sk-cnc-machining,CNC Machining,skill-production
sk-laboratory-diagnostics,Laboratory Diagnostics,skill-healthcare
sk-vehicle-diagnostics,Vehicle Diagnostics,skill-technical
sk-insurance-sales,Insurance Sales,skill-sales
sk-speech-therapy,Speech Therapy,skill-healthcare
sk-debt-collection,Debt Collection,skill-finance
sk-information-technology,Information Technology,skill-technical
sk-it-infrastructure,IT Infrastructure,skill-technical
sk-physiotherapy,Physiotherapy,skill-healthcare
sk-welding,Welding,skill-production
sk-javascript,JavaScript,skill-technical
sk-python,Python,skill-technical
sk-sql,SQL,skill-technical
sk-truck-driving,Truck Driving,skill-logistics
sk-van-driving,Van Driving,skill-logistics
sk-german-language,German Language,skill-language
sk-hairdressing,Hairdressing,skill-beauty
sk-biology,Biology,skill-education
sk-chemistry,Chemistry,skill-education
sk-physics,Physics,skill-education
sk-mathematics,Mathematics,skill-education
sk-geography,Geography,skill-education
sk-history,History,skill-education
sk-psychology,Psychology,skill-education
sk-philosophy,Philosophy,skill-education
sk-art-education,Art Education,skill-education
sk-music-education,Music Education,skill-education
sk-physical-education,Physical Education,skill-education
sk-computer-science,Computer Science,skill-education
sk-primary-education,Primary Education,skill-education
sk-special-education,Special Education,skill-education
sk-technical-education,Technical Education,skill-education
sk-mechanical-engineering,Mechanical Engineering,skill-technical
sk-electrical-engineering,Electrical Engineering,skill-technical
sk-automation,Automation,skill-technical
sk-robotics,Robotics,skill-technical
sk-mechatronics,Mechatronics,skill-technical
sk-telecommunications,Telecommunications,skill-technical
sk-woodworking,Woodworking,skill-technical
sk-metalworking,Metalworking,skill-production
sk-automotive-repair,Automotive Repair,skill-technical
sk-graphic-design,Graphic Design,skill-technical
sk-library-science,Library Science,skill-administration
sk-active-directory,Active Directory,skill-technical
sk-agriculture,Agriculture,skill-other
sk-anesthesiology,Anesthesiology,skill-healthcare
sk-baking,Baking,skill-cooking
sk-bus-driving,Bus Driving,skill-logistics
sk-cardiology,Cardiology,skill-healthcare
sk-carpentry,Carpentry,skill-construction
sk-communication,Communication,skill-soft-skill
sk-croatian-language,Croatian Language,skill-language
sk-cybersecurity,Cybersecurity,skill-technical
sk-dental-care,Dental Care,skill-healthcare
sk-dermatovenerology,Dermatovenerology,skill-healthcare
sk-dhcp,DHCP,skill-technical
sk-dialysis-care,Dialysis Care,skill-healthcare
sk-dns,DNS,skill-technical
sk-driving-category-b,Driving License Category B,skill-logistics
sk-driving-category-c,Driving License Category C,skill-logistics
sk-driving-category-ce,Driving License Category CE,skill-logistics
sk-driving-category-d,Driving License Category D,skill-logistics
sk-driving-category-e,Driving License Category E,skill-logistics
sk-driving-instruction,Driving Instruction,skill-education
sk-emergency-medicine,Emergency Medicine,skill-healthcare
sk-endoscopy,Endoscopy,skill-healthcare
sk-facade-work,Facade Work,skill-construction
sk-firewall-management,Firewall Management,skill-technical
sk-first-aid,First Aid,skill-healthcare
sk-forestry,Forestry,skill-other
sk-gardening,Gardening,skill-other
sk-geriatric-care,Geriatric Care,skill-healthcare
sk-home-care,Home Care,skill-healthcare
sk-hungarian-language,Hungarian Language,skill-language
sk-hyper-v,Hyper-V,skill-technical
sk-iis,IIS,skill-technical
sk-intensive-care,Intensive Care,skill-healthcare
sk-internal-medicine,Internal Medicine,skill-healthcare
sk-intrusion-detection,Intrusion Detection,skill-technical
sk-italian-language,Italian Language,skill-language
sk-java,Java,skill-technical
sk-lan-wan-networking,LAN/WAN Networking,skill-technical
sk-linux,Linux,skill-technical
sk-masonry,Masonry,skill-construction
sk-midwifery,Midwifery,skill-healthcare
sk-nephrology,Nephrology,skill-healthcare
sk-network-administration,Network Administration,skill-technical
sk-network-monitoring,Network Monitoring,skill-technical
sk-neurology,Neurology,skill-healthcare
sk-oncology,Oncology,skill-healthcare
sk-operating-room-care,Operating Room Care,skill-healthcare
sk-orthopedics,Orthopedics,skill-healthcare
sk-packaging,Packaging,skill-production
sk-painting,Painting,skill-construction
sk-pediatrics,Pediatrics,skill-healthcare
sk-plumbing,Plumbing,skill-technical
sk-postal-delivery,Postal Delivery,skill-logistics
sk-project-management,Project Management,skill-management
sk-proxmox,Proxmox,skill-technical
sk-psychiatry,Psychiatry,skill-healthcare
sk-quality-control,Quality Control,skill-production
sk-radiology,Radiology,skill-healthcare
sk-reception-work,Reception Work,skill-administration
sk-restaurant-service,Restaurant Service,skill-hospitality
sk-roofing,Roofing,skill-construction
sk-security-work,Security Work,skill-other
sk-serbian-language,Serbian Language,skill-language
sk-sewing,Sewing,skill-production
sk-sterilization,Sterilization,skill-healthcare
sk-surgery,Surgery,skill-healthcare
sk-switches-routers,Switches and Routers,skill-technical
sk-technical-documentation,Technical Documentation,skill-technical
sk-textile-work,Textile Work,skill-production
sk-tire-service,Tire Service,skill-technical
sk-vehicle-towing,Vehicle Towing,skill-logistics
sk-virtualization,Virtualization,skill-technical
sk-vmware,VMware,skill-technical
sk-windows-server,Windows Server,skill-technical
sk-wireless-networking,Wireless Networking,skill-technical
